{"train_runtime":157.9556,"train/learning_rate":2.061855670103093e-07,"_timestamp":1.765348507658863e+09,"train_samples_per_second":10.129,"_step":20,"train/grad_norm":0.03725915402173996,"train/global_step":100,"train_steps_per_second":0.633,"total_flos":6.703552474906624e+16,"train/epoch":4,"train_loss":0.5390684866905212,"_wandb":{"runtime":163},"_runtime":163,"train/loss":0.4767}