{
  "total_samples": 34,
  "execution_success": 0.29411764705882354,
  "mathematical_accuracy": 0.23529411764705882,
  "code_extraction_success": 0.4411764705882353
}