{
  "total_samples": 38,
  "execution_success": 0.868421052631579,
  "mathematical_accuracy": 0.7631578947368421,
  "code_extraction_success": 0.868421052631579
}