{
  "total_samples": 34,
  "execution_success": 0.5,
  "mathematical_accuracy": 0.2647058823529412,
  "code_extraction_success": 0.7647058823529411
}