{
  "total_samples": 38,
  "execution_success": 0.7894736842105263,
  "mathematical_accuracy": 0.6842105263157895,
  "code_extraction_success": 0.7894736842105263
}