{"train_steps_per_second":0.634,"total_flos":6.690024321135411e+16,"_timestamp":1.7653501962246594e+09,"_step":20,"train_runtime":157.8095,"train/learning_rate":2.061855670103093e-07,"train/epoch":4,"train/global_step":100,"_wandb":{"runtime":163},"_runtime":163,"train_loss":0.5362724614143372,"train/grad_norm":0.05225886031985283,"train/loss":0.473,"train_samples_per_second":10.139}