{
  "total_samples": 34,
  "execution_success": 0.6764705882352942,
  "mathematical_accuracy": 0.5882352941176471,
  "code_extraction_success": 1.0
}