{"total_flos":6.703552474906624e+16,"train_samples_per_second":10.161,"train_loss":0.49442477703094484,"_wandb":{"runtime":163},"train/grad_norm":0.05353819578886032,"train/epoch":4,"train_runtime":157.4603,"train/global_step":100,"_runtime":163,"_timestamp":1.765350426826367e+09,"train/loss":0.4129,"train/learning_rate":2.061855670103093e-07,"train_steps_per_second":0.635,"_step":20}