{
  "total_samples": 34,
  "execution_success": 0.2647058823529412,
  "mathematical_accuracy": 0.23529411764705882,
  "code_extraction_success": 0.35294117647058826
}