{
  "total_samples": 38,
  "execution_success": 0.2894736842105263,
  "mathematical_accuracy": 0.2631578947368421,
  "code_extraction_success": 0.2894736842105263
}