{"train_loss":0.5369413304328918,"train/loss":0.4742,"train_steps_per_second":0.634,"_runtime":163,"train/learning_rate":2.061855670103093e-07,"train_samples_per_second":10.149,"_wandb":{"runtime":163},"train/grad_norm":0.07308977097272873,"train/global_step":100,"_timestamp":1.7653480460612755e+09,"_step":20,"train/epoch":4,"total_flos":6.683260284515123e+16,"train_runtime":157.6564}