{
  "total_samples": 34,
  "execution_success": 0.9705882352941176,
  "mathematical_accuracy": 0.7647058823529411,
  "code_extraction_success": 1.0
}