{"train/learning_rate":2.061855670103093e-06,"train/epoch":4,"train_loss":0.3098022174835205,"train_steps_per_second":0.636,"train/loss":0.2148,"train/grad_norm":0.04589506983757019,"_runtime":172,"_step":20,"train_runtime":157.256,"_timestamp":1.7653514526904979e+09,"total_flos":6.683260284515123e+16,"train/global_step":100,"train_samples_per_second":10.174,"_wandb":{"runtime":172}}