{"train/learning_rate":1.3608247422680415e-05,"_wandb":{"runtime":130},"train/loss":0.1101,"train/grad_norm":0.98821058259681,"train/epoch":1.4,"train/global_step":35,"_step":6,"_timestamp":1.7653298192151446e+09,"_runtime":130}