{"_step":20,"train/epoch":4,"train_samples_per_second":10.104,"total_flos":6.679878185674342e+16,"train/grad_norm":0.04704474285244942,"_runtime":175,"train/learning_rate":2.061855670103093e-06,"train_steps_per_second":0.632,"train/global_step":100,"train_loss":0.33864025950431825,"_wandb":{"runtime":175},"train/loss":0.2309,"train_runtime":158.3525,"_timestamp":1.7653511825943048e+09}