{
  "total_samples": 34,
  "execution_success": 0.5882352941176471,
  "mathematical_accuracy": 0.4411764705882353,
  "code_extraction_success": 0.7941176470588235
}