{
  "total_samples": 38,
  "execution_success": 0.5526315789473685,
  "mathematical_accuracy": 0.5,
  "code_extraction_success": 0.5526315789473685
}