{"_wandb":{"runtime":91},"train/grad_norm":0.9660625373669559,"train/learning_rate":1.6701030927835052e-05,"train/loss":0.2005,"train/epoch":0.8,"_runtime":91,"train/global_step":20,"_timestamp":1.7653286121270669e+09,"_step":3}