{
  "total_samples": 38,
  "execution_success": 0.9736842105263158,
  "mathematical_accuracy": 0.9210526315789473,
  "code_extraction_success": 1.0
}