{
  "total_samples": 34,
  "execution_success": 0.7352941176470589,
  "mathematical_accuracy": 0.5294117647058824,
  "code_extraction_success": 0.9117647058823529
}