{"_step":20,"train/loss":0.5279,"train_loss":0.5707245898246766,"_runtime":163,"train/global_step":100,"_timestamp":1.7653499541341064e+09,"train/epoch":4,"train_steps_per_second":0.632,"total_flos":6.683260284515123e+16,"_wandb":{"runtime":163},"train/grad_norm":0.05124073475599289,"train_runtime":158.2171,"train_samples_per_second":10.113,"train/learning_rate":2.061855670103093e-07}