{"train_loss":0.26634047269821165,"train/epoch":4,"train_steps_per_second":0.624,"train/loss":0.1885,"total_flos":6.703552474906624e+16,"train/global_step":100,"train_runtime":160.3285,"_wandb":{"runtime":180},"train/learning_rate":2.061855670103093e-06,"train/grad_norm":0.04609052091836929,"train_samples_per_second":9.98,"_step":20,"_runtime":180,"_timestamp":1.7653519906164167e+09}