{"train/global_step":100,"_step":20,"train/epoch":4,"_runtime":177,"_wandb":{"runtime":177},"train/loss":0.2021,"train/grad_norm":0.045301929116249084,"train_samples_per_second":10.131,"train_loss":0.28640708446502683,"train/learning_rate":2.061855670103093e-06,"_timestamp":1.7653517206183949e+09,"train_steps_per_second":0.633,"total_flos":6.690024321135411e+16,"train_runtime":157.9364}