{"_wandb":{"runtime":163},"train/loss":0.4737,"train/learning_rate":2.061855670103093e-07,"train/epoch":4,"train/global_step":100,"train_loss":0.5367273473739624,"_runtime":163,"train_runtime":157.8813,"_timestamp":1.765348276751109e+09,"_step":20,"train/grad_norm":0.052616801112890244,"train_samples_per_second":10.134,"train_steps_per_second":0.633,"total_flos":6.690024321135411e+16}