{
  "total_samples": 34,
  "execution_success": 0.7352941176470589,
  "mathematical_accuracy": 0.4117647058823529,
  "code_extraction_success": 1.0
}