{"_timestamp":1.7653475839460926e+09,"train_loss":0.531779522895813,"_runtime":162,"_step":20,"train/global_step":100,"train_runtime":156.5069,"train_steps_per_second":0.639,"_wandb":{"runtime":162},"train/loss":0.4687,"total_flos":6.677341739050598e+16,"train/grad_norm":0.20691068470478058,"train_samples_per_second":10.223,"train/epoch":4,"train/learning_rate":2.061855670103093e-07}