{"train/epoch":4,"total_flos":6.679878185674342e+16,"train/grad_norm":0.04810277372598648,"train/learning_rate":2.061855670103093e-07,"train_runtime":158.825,"train_samples_per_second":10.074,"_wandb":{"runtime":164},"_runtime":164,"train/loss":0.5689,"_step":20,"train/global_step":100,"train_loss":0.5928995299339295,"_timestamp":1.7653497232785006e+09,"train_steps_per_second":0.63}