{
  "total_samples": 34,
  "execution_success": 0.38235294117647056,
  "mathematical_accuracy": 0.29411764705882354,
  "code_extraction_success": 0.6176470588235294
}