{
  "total_samples": 38,
  "execution_success": 0.2631578947368421,
  "mathematical_accuracy": 0.23684210526315788,
  "code_extraction_success": 0.2631578947368421
}