{"total_flos":6.730608970353869e+16,"train/epoch":4,"train_samples_per_second":10.06,"train_steps_per_second":0.629,"_runtime":173,"_step":20,"_wandb":{"runtime":173},"train/learning_rate":2.061855670103093e-06,"train/grad_norm":0.04261421784758568,"train_loss":0.25056565582752227,"train/loss":0.1773,"train/global_step":100,"_timestamp":1.7653522734177253e+09,"train_runtime":159.0452}