{
  "total_samples": 34,
  "execution_success": 0.11764705882352941,
  "mathematical_accuracy": 0.08823529411764706,
  "code_extraction_success": 0.11764705882352941
}