{
  "total_samples": 38,
  "execution_success": 0.05263157894736842,
  "mathematical_accuracy": 0.0,
  "code_extraction_success": 0.07894736842105263
}