{"_wandb":{"runtime":170},"_step":20,"train_runtime":163.9921,"train/epoch":4,"train/global_step":100,"train/grad_norm":0.013003806583583355,"train_steps_per_second":0.61,"total_flos":6.89294737932288e+16,"_timestamp":1.765349053765791e+09,"_runtime":170,"train/loss":0.4844,"train/learning_rate":2.061855670103093e-07,"train_samples_per_second":9.757,"train_loss":0.5442160296440125}