{"train/loss":0.4736,"_step":20,"train_loss":0.5363049364089966,"train/epoch":4,"train_runtime":157.5564,"_runtime":163,"train/learning_rate":2.061855670103093e-07,"train/global_step":100,"total_flos":6.679878185674342e+16,"_wandb":{"runtime":163},"_timestamp":1.7653478154007041e+09,"train/grad_norm":0.10492552816867828,"train_samples_per_second":10.155,"train_steps_per_second":0.635}