{
  "total_samples": 34,
  "execution_success": 0.8529411764705882,
  "mathematical_accuracy": 0.7647058823529411,
  "code_extraction_success": 1.0
}