{
  "total_samples": 34,
  "execution_success": 0.5294117647058824,
  "mathematical_accuracy": 0.3235294117647059,
  "code_extraction_success": 0.8529411764705882
}