{
  "total_samples": 38,
  "execution_success": 0.8157894736842105,
  "mathematical_accuracy": 0.7105263157894737,
  "code_extraction_success": 0.8421052631578947
}