{"train/global_step":100,"train_samples_per_second":9.977,"_step":20,"_timestamp":1.7653488133396616e+09,"train/loss":0.4808,"train/epoch":4,"total_flos":6.784721665969357e+16,"train/learning_rate":2.061855670103093e-07,"train_runtime":160.3656,"train_steps_per_second":0.624,"_runtime":166,"train/grad_norm":0.018529146909713745,"train_loss":0.5418223166465759,"_wandb":{"runtime":166}}